{
	"goal1":
	{
		"goalName" : "Goal Card: Time is Money",
		"winCondition1" : "Time",
		"winCondition2" : "Money"
	},
	
	"goal2":
	{
		"goalName" : "Goal Card: Chocolate Milk",
		"winCondition1" : "Chocolate",
		"winCondition2" : "Milk"
	},
	
	"goal3":
	{
		"goalName" : "Goal Card: Milk and Cookies",
		"winCondition1" : "Milk",
		"winCondition2" : "Cookies"
	},
	
	"goal4":
	{
		"goalName" : "Goal Card: Chocolate Cookies",
		"winCondition1" : "Chocolate",
		"winCondition2" : "Cookies"
	},
	
	"goal5":
	{
		"goalName" : "Goal Card: Peace (No War)",
		"winCondition1" : "Peace",
		"winCondition2" : "War"
	},
	
	"goal6":
	{
		"goalName" : "Goal Card: Dream Land",
		"winCondition1" : "Sleep",
		"winCondition2" : "Dreams"
	},
	
	"goal7":
	{
		"goalName" : "Goal Card: Hippyism",
		"winCondition1" : "Peace",
		"winCondition2" : "Love"
	},
	
	"goal8":
	{
		"goalName" : "Goal Card: War = Death",
		"winCondition1" : "War",
		"winCondition2" : "Death"
	},
	
	"goal9":
	{
		"goalName" : "Goal Card: Bed Time",
		"winCondition1" : "Bed",
		"winCondition2" : "Time"
	},
	
	"goal10":
	{
		"goalName" : "Goal Card: Rocket To The Moon",
		"winCondition1" : "The Rocket",
		"winCondition2" : "The Moon"
	},
	
	"goal11":
	{
		"goalName" : "Goal Card: Hearts and Minds",
		"winCondition1" : "Hearts",
		"winCondition2" : "Minds"
	},
	
	"goal12":
	{
		"goalName" : "Goal Card: Night and Day",
		"winCondition1" : "The Moon",
		"winCondition2" : "The Sun"
	},
	
	"goal13":
	{
		"goalName" : "Goal Card: Winning The Lottery",
		"winCondition1" : "Dreams",
		"winCondition2" : "Money"
	},
	
	"goal14":
	{
		"goalName" : "Goal Card: The Appliances",
		"winCondition1" : "Television",
		"winCondition2" : "The Toaster"
	},
	
	"goal15":
	{
		"goalName" : "Goal Card: The Brain and Tv",
		"winCondition1" : "The Brain",
		"winCondition2" : "TV"
	},
	
	"goal16":
	{
		"goalName" : "Goal Card: Squishy Chocolate",
		"winCondition1" : "The Sun",
		"winCondition2" : "Chocolate"
	},
	
	"goal17":
	{
		"goalName" : "Goal Card: Death By Chocolate",
		"winCondition1" : "Death",
		"winCondition2" : "Chocolate"
	},
	
	"goal18":
	{
		"goalName" : "Goal Card: The Rocket Science",
		"winCondition1" : "The Rocket",
		"winCondition2" : "Brain"
	},
	
	"goal19":
	{
		"goalName" : "Goal Card: Baked Good",
		"winCondition1" : "Bread",
		"winCondition2" : "Cookies"
	},
	
	"goal20":
	{
		"goalName" : "Goal Card: Toast",
		"winCondition1" : "The Toaster",
		"winCondition2" : "Bread"
	}
}