{
	"keeper1" :
	{
		"keeperName" : "Keeper Card: Dreams"
	},
	
	"keeper2" :
	{
		"keeperName" : "Keeper Card: The Sun"
	},
	
	"keeper3" :
	{
		"keeperName" : "Keeper Card: The Moon"
	},
	
	"keeper4" :
	{
		"keeperName" : "Keeper Card: Peace"
	},
	
	"keeper5" :
	{
		"keeperName" : "Keeper Card: Television"
	},
	
	"keeper6" :
	{
		"keeperName" : "Keeper Card: Chocolate"
	},
	
	"keeper7" :
	{
		"keeperName" : "Keeper Card: Cookies"
	},
	
	"keeper8" :
	{
		"keeperName" : "Keeper Card: Time"
	},
	
	"keeper9" :
	{
		"keeperName" : "Keeper Card: Love"
	},
	
	"keeper10" :
	{
		"keeperName" : "Keeper Card: Sleep"
	},
	
	"keeper11" :
	{
		"keeperName" : "Keeper Card: Bread"
	},
	
	"keeper12" :
	{
		"keeperName" : "Keeper Card: Money"
	},
	
	"keeper13" :
	{
		"keeperName" : "Keeper Card: Milk"
	},
	
	"keeper14" :
	{
		"keeperName" : "Keeper Card: The Rocket"
	},
	
	"keeper15" :
	{
		"keeperName" : "Keeper Card: War"
	},
	
	"keeper16" :
	{
		"keeperName" : "Keeper Card: Death"
	},
	
	"keeper17" :
	{
		"keeperName" : "Keeper Card: The Brain"
	},
	
	"keeper18" :
	{
		"keeperName" : "Keeper Card: The Toaster"
	}
}