{
	"rule1":
	{
		"ruleType" : "handLimitType",
		"name" : "Rule Card: Hand Limit 1",
		"limitValue" : 1
	},
	
	"rule2":
	{
		"ruleType" : "handLimitType",
		"name" : "Rule Card: Hand Limit 2",
		"limitValue" : 2
	},
	
	"rule3":
	{
		"ruleType" : "handLimitType",
		"name" : "Rule Card: Hand Limit 3",
		"limitValue" : 3
	},
	
	"rule4":
	{
		"ruleType" : "handLimitType",
		"name" : "Rule Card: Hand Limit 4",
		"limitValue" : 4
	},
	
	"rule5":
	{
		"ruleType" : "playLimitType",
		"name" : "Rule Card: Play Limit 1",
		"limitValue" : 1
	},
	
	"rule6":
	{
		"ruleType" : "playLimitType",
		"name" : "Rule Card: Play Limit 2",
		"limitValue" : 2
	},
	
	"rule7":
	{
		"ruleType" : "playLimitType",
		"name" : "Rule Card: Play Limit 3",
		"limitValue" : 3
	},
	
	"rule8":
	{
		"ruleType" : "playLimitType",
		"name" : "Rule Card: Play Limit 4",
		"limitValue" : 4
	},
	
	"rule9":
	{
		"ruleType" : "drawLimitType",
		"name" : "Rule Card: Draw Limit 1",
		"limitValue" : 1
	},
	
	"rule10":
	{
		"ruleType" : "drawLimitType",
		"name" : "Rule Card: Draw Limit 2",
		"limitValue" : 2
	},
	
	"rule11":
	{
		"ruleType" : "drawLimitType",
		"name" : "Rule Card: Draw Limit 3",
		"limitValue" : 3
	},
	
	"rule12":
	{
		"ruleType" : "drawLimitType",
		"name" : "Rule Card: Draw Limit 4",
		"limitValue" : 4
	},
	
	"rule13":
	{
		"ruleType" : "keeperLimitType",
		"name": "Rule Card: Keeper Limit 1",
		"limitValue" : 1
	},
	
	"rule14":
	{
		"ruleType" : "keeperLimitType",
		"name": "Rule Card: Keeper Limit 2",
		"limitValue" : 2
	},
	
	"rule15":
	{
		"ruleType" : "keeperLimitType",
		"name": "Rule Card: Keeper Limit 3",
		"limitValue" : 3
	},
	
	"rule16":
	{
		"ruleType" : "keeperLimitType",
		"name": "Rule Card: Keeper Limit 4",
		"limitValue" : 4
	}
}